year,Pred
1998,23487.88766586804
2003,27680.300038751448
2000,25164.852615021402
1974,3364.308276027674
1988,15103.06292010122
1981,9233.685598064447
2012,35226.64230994135
2001,26003.335089598084
1992,18456.992818407947
1980,8395.203123487765
